psychologicalAreas,timeStamp,__key__,__error__,__has_error__
[],2022-04-24 21:20:49.248937 UTC,"{
  ""__key__"": {
    ""namespace"": """",
    ""app"": ""e~mentalport-dev"",
    ""path"": ""\""users\"", \""E7atG91PDhaT402pE9xmzfZXlOP2\"", \""psychologicalProfiles\"", \""egYlJ2JWCjGdF5ABZWA7\"""",
    ""kind"": ""psychologicalProfiles"",
    ""name"": ""egYlJ2JWCjGdF5ABZWA7"",
    ""id"": null
  }
}",[],false
[],2022-04-24 21:20:47.342808 UTC,"{
  ""__key__"": {
    ""namespace"": """",
    ""app"": ""e~mentalport-dev"",
    ""path"": ""\""users\"", \""E7atG91PDhaT402pE9xmzfZXlOP2\"", \""psychologicalProfiles\"", \""g99P8AkcAxmeVArWahcI\"""",
    ""kind"": ""psychologicalProfiles"",
    ""name"": ""g99P8AkcAxmeVArWahcI"",
    ""id"": null
  }
}",[],false
[],2022-09-29 22:49:31.718549 UTC,"{
  ""__key__"": {
    ""namespace"": """",
    ""app"": ""e~mentalport-dev"",
    ""path"": ""\""users\"", \""FkpxsnbsaeX8PCN16qUGAD8TC9v1\"", \""psychologicalProfiles\"", \""bB2p6WAksQQRvPmuTZNd\"""",
    ""kind"": ""psychologicalProfiles"",
    ""name"": ""bB2p6WAksQQRvPmuTZNd"",
    ""id"": null
  }
}",[],false
[],2022-08-12 03:56:41.093000 UTC,"{
  ""__key__"": {
    ""namespace"": """",
    ""app"": ""e~mentalport-dev"",
    ""path"": ""\""users\"", \""duj0o4xwzhavM5qPwmRRummkulH3\"", \""psychologicalProfiles\"", \""l9P9Jem11gZXQZBbFAU6\"""",
    ""kind"": ""psychologicalProfiles"",
    ""name"": ""l9P9Jem11gZXQZBbFAU6"",
    ""id"": null
  }
}",[],false
[],2022-04-20 20:11:22.638000 UTC,"{
  ""__key__"": {
    ""namespace"": """",
    ""app"": ""e~mentalport-dev"",
    ""path"": ""\""users\"", \""zxTbZavPGmZiSa9CtWKa96C1EAA2\"", \""psychologicalProfiles\"", \""CBWUv7avpZIdnNyB0o1H\"""",
    ""kind"": ""psychologicalProfiles"",
    ""name"": ""CBWUv7avpZIdnNyB0o1H"",
    ""id"": null
  }
}",[],false
[],2022-04-20 20:11:51.215000 UTC,"{
  ""__key__"": {
    ""namespace"": """",
    ""app"": ""e~mentalport-dev"",
    ""path"": ""\""users\"", \""zxTbZavPGmZiSa9CtWKa96C1EAA2\"", \""psychologicalProfiles\"", \""CyKAUmJ3aoejeDT8Le1j\"""",
    ""kind"": ""psychologicalProfiles"",
    ""name"": ""CyKAUmJ3aoejeDT8Le1j"",
    ""id"": null
  }
}",[],false
[],2022-04-20 20:12:02.630000 UTC,"{
  ""__key__"": {
    ""namespace"": """",
    ""app"": ""e~mentalport-dev"",
    ""path"": ""\""users\"", \""zxTbZavPGmZiSa9CtWKa96C1EAA2\"", \""psychologicalProfiles\"", \""Fdd0vTu9Ihh3wKAAjAoL\"""",
    ""kind"": ""psychologicalProfiles"",
    ""name"": ""Fdd0vTu9Ihh3wKAAjAoL"",
    ""id"": null
  }
}",[],false
[],2022-04-20 20:12:08.341000 UTC,"{
  ""__key__"": {
    ""namespace"": """",
    ""app"": ""e~mentalport-dev"",
    ""path"": ""\""users\"", \""zxTbZavPGmZiSa9CtWKa96C1EAA2\"", \""psychologicalProfiles\"", \""FwTO8gpZQsGNJZzgUlya\"""",
    ""kind"": ""psychologicalProfiles"",
    ""name"": ""FwTO8gpZQsGNJZzgUlya"",
    ""id"": null
  }
}",[],false
[],2022-04-20 20:11:41.707000 UTC,"{
  ""__key__"": {
    ""namespace"": """",
    ""app"": ""e~mentalport-dev"",
    ""path"": ""\""users\"", \""zxTbZavPGmZiSa9CtWKa96C1EAA2\"", \""psychologicalProfiles\"", \""I7uzOhZa2XuiPGtKOSuu\"""",
    ""kind"": ""psychologicalProfiles"",
    ""name"": ""I7uzOhZa2XuiPGtKOSuu"",
    ""id"": null
  }
}",[],false
[],2022-04-20 20:11:24.543000 UTC,"{
  ""__key__"": {
    ""namespace"": """",
    ""app"": ""e~mentalport-dev"",
    ""path"": ""\""users\"", \""zxTbZavPGmZiSa9CtWKa96C1EAA2\"", \""psychologicalProfiles\"", \""KZbokUJNjiPHrttiWops\"""",
    ""kind"": ""psychologicalProfiles"",
    ""name"": ""KZbokUJNjiPHrttiWops"",
    ""id"": null
  }
}",[],false
[],2022-04-20 20:11:55.018000 UTC,"{
  ""__key__"": {
    ""namespace"": """",
    ""app"": ""e~mentalport-dev"",
    ""path"": ""\""users\"", \""zxTbZavPGmZiSa9CtWKa96C1EAA2\"", \""psychologicalProfiles\"", \""KckKQyJk82xATPQfOtko\"""",
    ""kind"": ""psychologicalProfiles"",
    ""name"": ""KckKQyJk82xATPQfOtko"",
    ""id"": null
  }
}",[],false
[],2022-04-20 20:11:56.924000 UTC,"{
  ""__key__"": {
    ""namespace"": """",
    ""app"": ""e~mentalport-dev"",
    ""path"": ""\""users\"", \""zxTbZavPGmZiSa9CtWKa96C1EAA2\"", \""psychologicalProfiles\"", \""NVoHSVto0wQpupddrGSh\"""",
    ""kind"": ""psychologicalProfiles"",
    ""name"": ""NVoHSVto0wQpupddrGSh"",
    ""id"": null
  }
}",[],false
[],2022-04-20 20:12:00.727000 UTC,"{
  ""__key__"": {
    ""namespace"": """",
    ""app"": ""e~mentalport-dev"",
    ""path"": ""\""users\"", \""zxTbZavPGmZiSa9CtWKa96C1EAA2\"", \""psychologicalProfiles\"", \""OhBs7FbZYFvm0P9J1IV1\"""",
    ""kind"": ""psychologicalProfiles"",
    ""name"": ""OhBs7FbZYFvm0P9J1IV1"",
    ""id"": null
  }
}",[],false
[],2022-04-20 20:11:20.732000 UTC,"{
  ""__key__"": {
    ""namespace"": """",
    ""app"": ""e~mentalport-dev"",
    ""path"": ""\""users\"", \""zxTbZavPGmZiSa9CtWKa96C1EAA2\"", \""psychologicalProfiles\"", \""Oqu0e7QNqWdPwDLIouth\"""",
    ""kind"": ""psychologicalProfiles"",
    ""name"": ""Oqu0e7QNqWdPwDLIouth"",
    ""id"": null
  }
}",[],false
[],2022-04-20 20:11:34.075000 UTC,"{
  ""__key__"": {
    ""namespace"": """",
    ""app"": ""e~mentalport-dev"",
    ""path"": ""\""users\"", \""zxTbZavPGmZiSa9CtWKa96C1EAA2\"", \""psychologicalProfiles\"", \""RCYCSta8v5VDEcIKgDPf\"""",
    ""kind"": ""psychologicalProfiles"",
    ""name"": ""RCYCSta8v5VDEcIKgDPf"",
    ""id"": null
  }
}",[],false
[],2022-04-20 20:11:47.468000 UTC,"{
  ""__key__"": {
    ""namespace"": """",
    ""app"": ""e~mentalport-dev"",
    ""path"": ""\""users\"", \""zxTbZavPGmZiSa9CtWKa96C1EAA2\"", \""psychologicalProfiles\"", \""RtCxS9Qh0E8ExEnjwtWf\"""",
    ""kind"": ""psychologicalProfiles"",
    ""name"": ""RtCxS9Qh0E8ExEnjwtWf"",
    ""id"": null
  }
}",[],false
[],2022-04-20 20:11:32.175000 UTC,"{
  ""__key__"": {
    ""namespace"": """",
    ""app"": ""e~mentalport-dev"",
    ""path"": ""\""users\"", \""zxTbZavPGmZiSa9CtWKa96C1EAA2\"", \""psychologicalProfiles\"", \""UFMv1bl9hKxyZoqrOtiL\"""",
    ""kind"": ""psychologicalProfiles"",
    ""name"": ""UFMv1bl9hKxyZoqrOtiL"",
    ""id"": null
  }
}",[],false
[],2022-04-20 20:11:35.989000 UTC,"{
  ""__key__"": {
    ""namespace"": """",
    ""app"": ""e~mentalport-dev"",
    ""path"": ""\""users\"", \""zxTbZavPGmZiSa9CtWKa96C1EAA2\"", \""psychologicalProfiles\"", \""UTCF6md3KS9nbSegsQu7\"""",
    ""kind"": ""psychologicalProfiles"",
    ""name"": ""UTCF6md3KS9nbSegsQu7"",
    ""id"": null
  }
}",[],false
[],2022-04-20 20:11:43.610000 UTC,"{
  ""__key__"": {
    ""namespace"": """",
    ""app"": ""e~mentalport-dev"",
    ""path"": ""\""users\"", \""zxTbZavPGmZiSa9CtWKa96C1EAA2\"", \""psychologicalProfiles\"", \""a5uMfzqKhRy2ARvyD4Ly\"""",
    ""kind"": ""psychologicalProfiles"",
    ""name"": ""a5uMfzqKhRy2ARvyD4Ly"",
    ""id"": null
  }
}",[],false
[],2022-04-20 20:11:26.451000 UTC,"{
  ""__key__"": {
    ""namespace"": """",
    ""app"": ""e~mentalport-dev"",
    ""path"": ""\""users\"", \""zxTbZavPGmZiSa9CtWKa96C1EAA2\"", \""psychologicalProfiles\"", \""bgnc5dzKGhfFndSmntp1\"""",
    ""kind"": ""psychologicalProfiles"",
    ""name"": ""bgnc5dzKGhfFndSmntp1"",
    ""id"": null
  }
}",[],false
[],2022-04-20 20:11:53.118000 UTC,"{
  ""__key__"": {
    ""namespace"": """",
    ""app"": ""e~mentalport-dev"",
    ""path"": ""\""users\"", \""zxTbZavPGmZiSa9CtWKa96C1EAA2\"", \""psychologicalProfiles\"", \""f0qVQdccpQQO2wTEuZs3\"""",
    ""kind"": ""psychologicalProfiles"",
    ""name"": ""f0qVQdccpQQO2wTEuZs3"",
    ""id"": null
  }
}",[],false
[],2022-04-20 20:11:30.268000 UTC,"{
  ""__key__"": {
    ""namespace"": """",
    ""app"": ""e~mentalport-dev"",
    ""path"": ""\""users\"", \""zxTbZavPGmZiSa9CtWKa96C1EAA2\"", \""psychologicalProfiles\"", \""hz1ogA5krcDZvlDoHvEI\"""",
    ""kind"": ""psychologicalProfiles"",
    ""name"": ""hz1ogA5krcDZvlDoHvEI"",
    ""id"": null
  }
}",[],false
[],2022-04-20 20:11:45.510000 UTC,"{
  ""__key__"": {
    ""namespace"": """",
    ""app"": ""e~mentalport-dev"",
    ""path"": ""\""users\"", \""zxTbZavPGmZiSa9CtWKa96C1EAA2\"", \""psychologicalProfiles\"", \""n1H0RrJIJMLu7awizh0G\"""",
    ""kind"": ""psychologicalProfiles"",
    ""name"": ""n1H0RrJIJMLu7awizh0G"",
    ""id"": null
  }
}",[],false
[],2022-04-20 20:11:58.820000 UTC,"{
  ""__key__"": {
    ""namespace"": """",
    ""app"": ""e~mentalport-dev"",
    ""path"": ""\""users\"", \""zxTbZavPGmZiSa9CtWKa96C1EAA2\"", \""psychologicalProfiles\"", \""pDxZBEDF598zlwslYAud\"""",
    ""kind"": ""psychologicalProfiles"",
    ""name"": ""pDxZBEDF598zlwslYAud"",
    ""id"": null
  }
}",[],false
[],2022-04-20 20:12:04.531000 UTC,"{
  ""__key__"": {
    ""namespace"": """",
    ""app"": ""e~mentalport-dev"",
    ""path"": ""\""users\"", \""zxTbZavPGmZiSa9CtWKa96C1EAA2\"", \""psychologicalProfiles\"", \""rKVHIzUUe202oi4PxAZr\"""",
    ""kind"": ""psychologicalProfiles"",
    ""name"": ""rKVHIzUUe202oi4PxAZr"",
    ""id"": null
  }
}",[],false
[],2022-04-20 20:11:49.314000 UTC,"{
  ""__key__"": {
    ""namespace"": """",
    ""app"": ""e~mentalport-dev"",
    ""path"": ""\""users\"", \""zxTbZavPGmZiSa9CtWKa96C1EAA2\"", \""psychologicalProfiles\"", \""vvdoqafJU0rIrtJYshvf\"""",
    ""kind"": ""psychologicalProfiles"",
    ""name"": ""vvdoqafJU0rIrtJYshvf"",
    ""id"": null
  }
}",[],false
[],2022-04-20 20:11:28.360000 UTC,"{
  ""__key__"": {
    ""namespace"": """",
    ""app"": ""e~mentalport-dev"",
    ""path"": ""\""users\"", \""zxTbZavPGmZiSa9CtWKa96C1EAA2\"", \""psychologicalProfiles\"", \""wK8UQcSNr5ALFkb3vHmW\"""",
    ""kind"": ""psychologicalProfiles"",
    ""name"": ""wK8UQcSNr5ALFkb3vHmW"",
    ""id"": null
  }
}",[],false
[],2022-04-20 20:11:39.802000 UTC,"{
  ""__key__"": {
    ""namespace"": """",
    ""app"": ""e~mentalport-dev"",
    ""path"": ""\""users\"", \""zxTbZavPGmZiSa9CtWKa96C1EAA2\"", \""psychologicalProfiles\"", \""xdBns5g8NnvKQHeq0rbJ\"""",
    ""kind"": ""psychologicalProfiles"",
    ""name"": ""xdBns5g8NnvKQHeq0rbJ"",
    ""id"": null
  }
}",[],false
"[stress,burnout,depression]",2022-01-08 10:48:49.157318 UTC,"{
  ""__key__"": {
    ""namespace"": """",
    ""app"": ""e~mentalport-dev"",
    ""path"": ""\""users\"", \""VA16DtCQoPTTNSNJyjcXijaR2ek1\"", \""psychologicalProfiles\"", \""JhgVuLrCHJgLgHk8CIes\"""",
    ""kind"": ""psychologicalProfiles"",
    ""name"": ""JhgVuLrCHJgLgHk8CIes"",
    ""id"": null
  }
}",[],false
"[stress,burnout,relationships]",2022-01-07 18:33:05.006366 UTC,"{
  ""__key__"": {
    ""namespace"": """",
    ""app"": ""e~mentalport-dev"",
    ""path"": ""\""users\"", \""T942BvfXrDOpYC7HBzdh00sWbCm2\"", \""psychologicalProfiles\"", \""1Jkk51zNxsAPQt5Oa3HH\"""",
    ""kind"": ""psychologicalProfiles"",
    ""name"": ""1Jkk51zNxsAPQt5Oa3HH"",
    ""id"": null
  }
}",[],false
"[stress,meaning,discipline]",2022-06-01 20:16:10.169000 UTC,"{
  ""__key__"": {
    ""namespace"": """",
    ""app"": ""e~mentalport-dev"",
    ""path"": ""\""users\"", \""rcR1tzCQaBXDTvU3j2PbaMAcKS82\"", \""psychologicalProfiles\"", \""51T2U1umHPTmEs5dDoe4\"""",
    ""kind"": ""psychologicalProfiles"",
    ""name"": ""51T2U1umHPTmEs5dDoe4"",
    ""id"": null
  }
}",[],false
"[stress,meaning,relationships]",2022-04-02 20:06:44.104000 UTC,"{
  ""__key__"": {
    ""namespace"": """",
    ""app"": ""e~mentalport-dev"",
    ""path"": ""\""users\"", \""FkpxsnbsaeX8PCN16qUGAD8TC9v1\"", \""psychologicalProfiles\"", \""y8KjttEVM0CS6PQIlw5N\"""",
    ""kind"": ""psychologicalProfiles"",
    ""name"": ""y8KjttEVM0CS6PQIlw5N"",
    ""id"": null
  }
}",[],false
"[stress,confidence,relationships]",2022-01-09 17:52:13.154611 UTC,"{
  ""__key__"": {
    ""namespace"": """",
    ""app"": ""e~mentalport-dev"",
    ""path"": ""\""users\"", \""Fu3F3RVYDfXxnLGuWjulhU8WsKr2\"", \""psychologicalProfiles\"", \""5ngq99Bm8gnIwAR94qan\"""",
    ""kind"": ""psychologicalProfiles"",
    ""name"": ""5ngq99Bm8gnIwAR94qan"",
    ""id"": null
  }
}",[],false
"[stress,depression,burnout]",2022-06-02 09:15:13.009000 UTC,"{
  ""__key__"": {
    ""namespace"": """",
    ""app"": ""e~mentalport-dev"",
    ""path"": ""\""users\"", \""sV3pN2YkkAe9eEKgbhKd2DSZTm53\"", \""psychologicalProfiles\"", \""IJANGauZ7erlhHq7EvpD\"""",
    ""kind"": ""psychologicalProfiles"",
    ""name"": ""IJANGauZ7erlhHq7EvpD"",
    ""id"": null
  }
}",[],false
"[stress,depression,discipline]",2022-06-09 17:54:35.558000 UTC,"{
  ""__key__"": {
    ""namespace"": """",
    ""app"": ""e~mentalport-dev"",
    ""path"": ""\""users\"", \""ok9tRElNzkYMoEPRawXGBzJux683\"", \""psychologicalProfiles\"", \""BebMeb0QNI3yzCI1E49l\"""",
    ""kind"": ""psychologicalProfiles"",
    ""name"": ""BebMeb0QNI3yzCI1E49l"",
    ""id"": null
  }
}",[],false
"[stress,depression,relationships]",2022-01-27 07:13:25.306716 UTC,"{
  ""__key__"": {
    ""namespace"": """",
    ""app"": ""e~mentalport-dev"",
    ""path"": ""\""users\"", \""FkpxsnbsaeX8PCN16qUGAD8TC9v1\"", \""psychologicalProfiles\"", \""d5ZxBCNuau4Ib61CZzim\"""",
    ""kind"": ""psychologicalProfiles"",
    ""name"": ""d5ZxBCNuau4Ib61CZzim"",
    ""id"": null
  }
}",[],false
"[stress,discipline,meaning]",2022-06-02 09:27:10.410000 UTC,"{
  ""__key__"": {
    ""namespace"": """",
    ""app"": ""e~mentalport-dev"",
    ""path"": ""\""users\"", \""MDWRGDYnIUhAjoaIzU6wbims7Sg1\"", \""psychologicalProfiles\"", \""HYa4iEqHc0XCZlTJLkeT\"""",
    ""kind"": ""psychologicalProfiles"",
    ""name"": ""HYa4iEqHc0XCZlTJLkeT"",
    ""id"": null
  }
}",[],false
"[stress,motivation,relationships]",2022-06-09 09:10:10.336417 UTC,"{
  ""__key__"": {
    ""namespace"": """",
    ""app"": ""e~mentalport-dev"",
    ""path"": ""\""users\"", \""j2mB6iKqFIfPwfpyFKUxeGUMvIg2\"", \""psychologicalProfiles\"", \""z8Efot95xdoLTgY9c1fD\"""",
    ""kind"": ""psychologicalProfiles"",
    ""name"": ""z8Efot95xdoLTgY9c1fD"",
    ""id"": null
  }
}",[],false
[burnout],2022-01-26 21:20:07.290000 UTC,"{
  ""__key__"": {
    ""namespace"": """",
    ""app"": ""e~mentalport-dev"",
    ""path"": ""\""users\"", \""FkpxsnbsaeX8PCN16qUGAD8TC9v1\"", \""psychologicalProfiles\"", \""qKSiYLh1mCP73toI90aJ\"""",
    ""kind"": ""psychologicalProfiles"",
    ""name"": ""qKSiYLh1mCP73toI90aJ"",
    ""id"": null
  }
}",[],false
"[burnout,stress,meaning]",2022-06-07 18:15:45.291119 UTC,"{
  ""__key__"": {
    ""namespace"": """",
    ""app"": ""e~mentalport-dev"",
    ""path"": ""\""users\"", \""JGQ6NKOVxCfZUzQ7yz3sUt3FiQu1\"", \""psychologicalProfiles\"", \""Ms62lsQnQHJQe0EoP86S\"""",
    ""kind"": ""psychologicalProfiles"",
    ""name"": ""Ms62lsQnQHJQe0EoP86S"",
    ""id"": null
  }
}",[],false
"[burnout,stress,meaning]",2022-08-30 20:12:37.929152 UTC,"{
  ""__key__"": {
    ""namespace"": """",
    ""app"": ""e~mentalport-dev"",
    ""path"": ""\""users\"", \""ymYDXD2opve4fA198aYRyNIJINN2\"", \""psychologicalProfiles\"", \""rCafDQPwYMwOuyZKq9WE\"""",
    ""kind"": ""psychologicalProfiles"",
    ""name"": ""rCafDQPwYMwOuyZKq9WE"",
    ""id"": null
  }
}",[],false
"[burnout,stress,depression]",2022-01-07 01:00:20.765036 UTC,"{
  ""__key__"": {
    ""namespace"": """",
    ""app"": ""e~mentalport-dev"",
    ""path"": ""\""users\"", \""OBlazroEuYcITb2Mxw8EpBRBxSt1\"", \""psychologicalProfiles\"", \""vl2kKn3653RJuNppP3ZJ\"""",
    ""kind"": ""psychologicalProfiles"",
    ""name"": ""vl2kKn3653RJuNppP3ZJ"",
    ""id"": null
  }
}",[],false
"[burnout,stress,depression]",2022-04-16 19:25:24.207000 UTC,"{
  ""__key__"": {
    ""namespace"": """",
    ""app"": ""e~mentalport-dev"",
    ""path"": ""\""users\"", \""PJG0sMkgphc9yNmzzHSJlTjeliG2\"", \""psychologicalProfiles\"", \""CR0nMQkOiwnHCnuYDRdF\"""",
    ""kind"": ""psychologicalProfiles"",
    ""name"": ""CR0nMQkOiwnHCnuYDRdF"",
    ""id"": null
  }
}",[],false
"[burnout,stress,relationships]",2022-05-31 06:59:39.331337 UTC,"{
  ""__key__"": {
    ""namespace"": """",
    ""app"": ""e~mentalport-dev"",
    ""path"": ""\""users\"", \""ykeu2QJNW4WaOMZd0em1h5PUz6a2\"", \""psychologicalProfiles\"", \""L5pUhuVrpoQOCokT2rcs\"""",
    ""kind"": ""psychologicalProfiles"",
    ""name"": ""L5pUhuVrpoQOCokT2rcs"",
    ""id"": null
  }
}",[],false
"[burnout,meaning,confidence]",2021-12-18 12:57:41.889000 UTC,"{
  ""__key__"": {
    ""namespace"": """",
    ""app"": ""e~mentalport-dev"",
    ""path"": ""\""users\"", \""9TA2P8QIVrceHCOl7x5FXzYV3Cq1\"", \""psychologicalProfiles\"", \""JdcG5U3uaYFcpp9bRJPe\"""",
    ""kind"": ""psychologicalProfiles"",
    ""name"": ""JdcG5U3uaYFcpp9bRJPe"",
    ""id"": null
  }
}",[],false
"[burnout,meaning,motivation]",2022-08-11 11:46:18.969000 UTC,"{
  ""__key__"": {
    ""namespace"": """",
    ""app"": ""e~mentalport-dev"",
    ""path"": ""\""users\"", \""CiOJF15l1LgF5kyTry8QMwt4G2n2\"", \""psychologicalProfiles\"", \""zx5OOM5ubrXsL5oHBOq5\"""",
    ""kind"": ""psychologicalProfiles"",
    ""name"": ""zx5OOM5ubrXsL5oHBOq5"",
    ""id"": null
  }
}",[],false
"[burnout,meaning,motivation]",2022-09-29 22:45:44.593338 UTC,"{
  ""__key__"": {
    ""namespace"": """",
    ""app"": ""e~mentalport-dev"",
    ""path"": ""\""users\"", \""FkpxsnbsaeX8PCN16qUGAD8TC9v1\"", \""psychologicalProfiles\"", \""7HoBdzRCGSZ4HM6udhWN\"""",
    ""kind"": ""psychologicalProfiles"",
    ""name"": ""7HoBdzRCGSZ4HM6udhWN"",
    ""id"": null
  }
}",[],false
"[burnout,meaning,motivation]",2022-09-13 23:02:20.246187 UTC,"{
  ""__key__"": {
    ""namespace"": """",
    ""app"": ""e~mentalport-dev"",
    ""path"": ""\""users\"", \""FkpxsnbsaeX8PCN16qUGAD8TC9v1\"", \""psychologicalProfiles\"", \""CHJvSNwnhULuu8OoGV0I\"""",
    ""kind"": ""psychologicalProfiles"",
    ""name"": ""CHJvSNwnhULuu8OoGV0I"",
    ""id"": null
  }
}",[],false
"[burnout,meaning,motivation]",2022-09-29 22:53:44.642581 UTC,"{
  ""__key__"": {
    ""namespace"": """",
    ""app"": ""e~mentalport-dev"",
    ""path"": ""\""users\"", \""FkpxsnbsaeX8PCN16qUGAD8TC9v1\"", \""psychologicalProfiles\"", \""I4GaQNnpKOfhFSHdWy9L\"""",
    ""kind"": ""psychologicalProfiles"",
    ""name"": ""I4GaQNnpKOfhFSHdWy9L"",
    ""id"": null
  }
}",[],false
"[burnout,meaning,motivation]",2022-09-29 22:38:42.659722 UTC,"{
  ""__key__"": {
    ""namespace"": """",
    ""app"": ""e~mentalport-dev"",
    ""path"": ""\""users\"", \""FkpxsnbsaeX8PCN16qUGAD8TC9v1\"", \""psychologicalProfiles\"", \""KGSvu9MZ8hVULr3XnX9z\"""",
    ""kind"": ""psychologicalProfiles"",
    ""name"": ""KGSvu9MZ8hVULr3XnX9z"",
    ""id"": null
  }
}",[],false
"[burnout,meaning,motivation]",2022-09-29 21:51:36.959273 UTC,"{
  ""__key__"": {
    ""namespace"": """",
    ""app"": ""e~mentalport-dev"",
    ""path"": ""\""users\"", \""FkpxsnbsaeX8PCN16qUGAD8TC9v1\"", \""psychologicalProfiles\"", \""ShAJdhnOliV01pe13iKZ\"""",
    ""kind"": ""psychologicalProfiles"",
    ""name"": ""ShAJdhnOliV01pe13iKZ"",
    ""id"": null
  }
}",[],false
"[burnout,meaning,motivation]",2022-09-29 22:53:24.029325 UTC,"{
  ""__key__"": {
    ""namespace"": """",
    ""app"": ""e~mentalport-dev"",
    ""path"": ""\""users\"", \""FkpxsnbsaeX8PCN16qUGAD8TC9v1\"", \""psychologicalProfiles\"", \""TXg9VjuxXWpxQ56iLIOH\"""",
    ""kind"": ""psychologicalProfiles"",
    ""name"": ""TXg9VjuxXWpxQ56iLIOH"",
    ""id"": null
  }
}",[],false
"[burnout,meaning,motivation]",2022-09-29 22:37:41.192522 UTC,"{
  ""__key__"": {
    ""namespace"": """",
    ""app"": ""e~mentalport-dev"",
    ""path"": ""\""users\"", \""FkpxsnbsaeX8PCN16qUGAD8TC9v1\"", \""psychologicalProfiles\"", \""dVB05oAXLD80geRNdUOx\"""",
    ""kind"": ""psychologicalProfiles"",
    ""name"": ""dVB05oAXLD80geRNdUOx"",
    ""id"": null
  }
}",[],false
"[burnout,meaning,motivation]",2022-09-13 23:01:35.096630 UTC,"{
  ""__key__"": {
    ""namespace"": """",
    ""app"": ""e~mentalport-dev"",
    ""path"": ""\""users\"", \""FkpxsnbsaeX8PCN16qUGAD8TC9v1\"", \""psychologicalProfiles\"", \""mHXQeN23LktfMJhz3seU\"""",
    ""kind"": ""psychologicalProfiles"",
    ""name"": ""mHXQeN23LktfMJhz3seU"",
    ""id"": null
  }
}",[],false
"[burnout,meaning,motivation]",2022-09-29 22:12:33.342529 UTC,"{
  ""__key__"": {
    ""namespace"": """",
    ""app"": ""e~mentalport-dev"",
    ""path"": ""\""users\"", \""FkpxsnbsaeX8PCN16qUGAD8TC9v1\"", \""psychologicalProfiles\"", \""oarGWyqskLuSVVIEZr6B\"""",
    ""kind"": ""psychologicalProfiles"",
    ""name"": ""oarGWyqskLuSVVIEZr6B"",
    ""id"": null
  }
}",[],false
"[burnout,meaning,motivation]",2022-09-29 22:03:33.743328 UTC,"{
  ""__key__"": {
    ""namespace"": """",
    ""app"": ""e~mentalport-dev"",
    ""path"": ""\""users\"", \""FkpxsnbsaeX8PCN16qUGAD8TC9v1\"", \""psychologicalProfiles\"", \""pNBAIR0jCBhgMjdimDJz\"""",
    ""kind"": ""psychologicalProfiles"",
    ""name"": ""pNBAIR0jCBhgMjdimDJz"",
    ""id"": null
  }
}",[],false
"[burnout,meaning,motivation]",2022-09-13 23:01:24.862292 UTC,"{
  ""__key__"": {
    ""namespace"": """",
    ""app"": ""e~mentalport-dev"",
    ""path"": ""\""users\"", \""FkpxsnbsaeX8PCN16qUGAD8TC9v1\"", \""psychologicalProfiles\"", \""sU0Glfb105JVeB5BKJ8F\"""",
    ""kind"": ""psychologicalProfiles"",
    ""name"": ""sU0Glfb105JVeB5BKJ8F"",
    ""id"": null
  }
}",[],false
"[burnout,meaning,motivation]",2022-09-29 22:06:41.280952 UTC,"{
  ""__key__"": {
    ""namespace"": """",
    ""app"": ""e~mentalport-dev"",
    ""path"": ""\""users\"", \""FkpxsnbsaeX8PCN16qUGAD8TC9v1\"", \""psychologicalProfiles\"", \""shLCAljfF5L1xXMunQ7R\"""",
    ""kind"": ""psychologicalProfiles"",
    ""name"": ""shLCAljfF5L1xXMunQ7R"",
    ""id"": null
  }
}",[],false
"[burnout,meaning,motivation]",2022-09-29 22:01:41.495985 UTC,"{
  ""__key__"": {
    ""namespace"": """",
    ""app"": ""e~mentalport-dev"",
    ""path"": ""\""users\"", \""FkpxsnbsaeX8PCN16qUGAD8TC9v1\"", \""psychologicalProfiles\"", \""vyhutLvK7nQzjktqcmiU\"""",
    ""kind"": ""psychologicalProfiles"",
    ""name"": ""vyhutLvK7nQzjktqcmiU"",
    ""id"": null
  }
}",[],false
"[burnout,meaning,motivation]",2022-09-29 22:42:14.495587 UTC,"{
  ""__key__"": {
    ""namespace"": """",
    ""app"": ""e~mentalport-dev"",
    ""path"": ""\""users\"", \""FkpxsnbsaeX8PCN16qUGAD8TC9v1\"", \""psychologicalProfiles\"", \""weouZMwcaxIqgvHcFWxz\"""",
    ""kind"": ""psychologicalProfiles"",
    ""name"": ""weouZMwcaxIqgvHcFWxz"",
    ""id"": null
  }
}",[],false
"[burnout,meaning,motivation]",2022-06-21 14:00:45.975013 UTC,"{
  ""__key__"": {
    ""namespace"": """",
    ""app"": ""e~mentalport-dev"",
    ""path"": ""\""users\"", \""PKjXONKLr7NEwg7J4nfubPVaQm82\"", \""psychologicalProfiles\"", \""BU6jC1dG2ZzaOPh2fiEr\"""",
    ""kind"": ""psychologicalProfiles"",
    ""name"": ""BU6jC1dG2ZzaOPh2fiEr"",
    ""id"": null
  }
}",[],false
"[burnout,meaning,motivation]",2022-06-21 14:00:09.266941 UTC,"{
  ""__key__"": {
    ""namespace"": """",
    ""app"": ""e~mentalport-dev"",
    ""path"": ""\""users\"", \""PKjXONKLr7NEwg7J4nfubPVaQm82\"", \""psychologicalProfiles\"", \""OkyLAyjFRLordTIQwatm\"""",
    ""kind"": ""psychologicalProfiles"",
    ""name"": ""OkyLAyjFRLordTIQwatm"",
    ""id"": null
  }
}",[],false
"[burnout,meaning,motivation]",2022-06-21 14:12:21.461187 UTC,"{
  ""__key__"": {
    ""namespace"": """",
    ""app"": ""e~mentalport-dev"",
    ""path"": ""\""users\"", \""PKjXONKLr7NEwg7J4nfubPVaQm82\"", \""psychologicalProfiles\"", \""bfJQVAQmaKeJXNdDCccy\"""",
    ""kind"": ""psychologicalProfiles"",
    ""name"": ""bfJQVAQmaKeJXNdDCccy"",
    ""id"": null
  }
}",[],false
"[burnout,meaning,motivation]",2022-06-21 14:12:04.462410 UTC,"{
  ""__key__"": {
    ""namespace"": """",
    ""app"": ""e~mentalport-dev"",
    ""path"": ""\""users\"", \""PKjXONKLr7NEwg7J4nfubPVaQm82\"", \""psychologicalProfiles\"", \""dDXoke6MFtzADUwNoHc4\"""",
    ""kind"": ""psychologicalProfiles"",
    ""name"": ""dDXoke6MFtzADUwNoHc4"",
    ""id"": null
  }
}",[],false
"[burnout,meaning,motivation]",2022-06-21 13:59:41.565999 UTC,"{
  ""__key__"": {
    ""namespace"": """",
    ""app"": ""e~mentalport-dev"",
    ""path"": ""\""users\"", \""PKjXONKLr7NEwg7J4nfubPVaQm82\"", \""psychologicalProfiles\"", \""p7kDtdlLPxL2CmRITXS2\"""",
    ""kind"": ""psychologicalProfiles"",
    ""name"": ""p7kDtdlLPxL2CmRITXS2"",
    ""id"": null
  }
}",[],false
"[burnout,meaning,motivation]",2022-10-05 08:52:24.442328 UTC,"{
  ""__key__"": {
    ""namespace"": """",
    ""app"": ""e~mentalport-dev"",
    ""path"": ""\""users\"", \""Z8bUAhTvXuRVTg979HcjtFfHWpx2\"", \""psychologicalProfiles\"", \""X7XnzxgYTSUOrxFLY38o\"""",
    ""kind"": ""psychologicalProfiles"",
    ""name"": ""X7XnzxgYTSUOrxFLY38o"",
    ""id"": null
  }
}",[],false
"[burnout,meaning,motivation]",2022-08-12 03:54:43.350000 UTC,"{
  ""__key__"": {
    ""namespace"": """",
    ""app"": ""e~mentalport-dev"",
    ""path"": ""\""users\"", \""duj0o4xwzhavM5qPwmRRummkulH3\"", \""psychologicalProfiles\"", \""aDiBkeiog5RnQtklV6He\"""",
    ""kind"": ""psychologicalProfiles"",
    ""name"": ""aDiBkeiog5RnQtklV6He"",
    ""id"": null
  }
}",[],false
"[burnout,meaning,motivation]",2022-08-12 08:39:10.536795 UTC,"{
  ""__key__"": {
    ""namespace"": """",
    ""app"": ""e~mentalport-dev"",
    ""path"": ""\""users\"", \""eDDjveNPG2fKrvVupwL6W7fGIcz2\"", \""psychologicalProfiles\"", \""cUgzhs61yNZ3r7D8Dk0E\"""",
    ""kind"": ""psychologicalProfiles"",
    ""name"": ""cUgzhs61yNZ3r7D8Dk0E"",
    ""id"": null
  }
}",[],false
"[burnout,meaning,motivation]",2022-06-28 18:06:26.056000 UTC,"{
  ""__key__"": {
    ""namespace"": """",
    ""app"": ""e~mentalport-dev"",
    ""path"": ""\""users\"", \""hkGa9dN2bpP5gXfBhlXgIJgdQx63\"", \""psychologicalProfiles\"", \""8KGW9E4zV6oxSDrtNSjU\"""",
    ""kind"": ""psychologicalProfiles"",
    ""name"": ""8KGW9E4zV6oxSDrtNSjU"",
    ""id"": null
  }
}",[],false
"[burnout,meaning,motivation]",2022-09-11 11:46:36.232411 UTC,"{
  ""__key__"": {
    ""namespace"": """",
    ""app"": ""e~mentalport-dev"",
    ""path"": ""\""users\"", \""jr6v72cFxtbr9RmX9HfrWjl1DoO2\"", \""psychologicalProfiles\"", \""tvxLemvR8SamTeaL3Exw\"""",
    ""kind"": ""psychologicalProfiles"",
    ""name"": ""tvxLemvR8SamTeaL3Exw"",
    ""id"": null
  }
}",[],false
"[burnout,meaning,motivation]",2022-06-30 09:48:05.435474 UTC,"{
  ""__key__"": {
    ""namespace"": """",
    ""app"": ""e~mentalport-dev"",
    ""path"": ""\""users\"", \""oLuESXHK8mb70EBDQfT0i6ypnmg2\"", \""psychologicalProfiles\"", \""ZXXreigNXIYpGPzRZvcY\"""",
    ""kind"": ""psychologicalProfiles"",
    ""name"": ""ZXXreigNXIYpGPzRZvcY"",
    ""id"": null
  }
}",[],false
"[burnout,meaning,motivation]",2022-08-12 08:16:04.027464 UTC,"{
  ""__key__"": {
    ""namespace"": """",
    ""app"": ""e~mentalport-dev"",
    ""path"": ""\""users\"", \""qnO4GQuFhChzPaD1bJOKJp9kURo2\"", \""psychologicalProfiles\"", \""DTPZr5YAeDT88UPk8lzF\"""",
    ""kind"": ""psychologicalProfiles"",
    ""name"": ""DTPZr5YAeDT88UPk8lzF"",
    ""id"": null
  }
}",[],false
"[burnout,meaning,motivation]",2022-06-29 13:01:32.326543 UTC,"{
  ""__key__"": {
    ""namespace"": """",
    ""app"": ""e~mentalport-dev"",
    ""path"": ""\""users\"", \""xH0FHTDPOwWgHBQU7uuuEFJEfPx2\"", \""psychologicalProfiles\"", \""B630nER6ha7puq0Jsk6K\"""",
    ""kind"": ""psychologicalProfiles"",
    ""name"": ""B630nER6ha7puq0Jsk6K"",
    ""id"": null
  }
}",[],false
"[burnout,meaning,motivation]",2022-08-30 20:08:35.725471 UTC,"{
  ""__key__"": {
    ""namespace"": """",
    ""app"": ""e~mentalport-dev"",
    ""path"": ""\""users\"", \""ymYDXD2opve4fA198aYRyNIJINN2\"", \""psychologicalProfiles\"", \""TRsp9sGnZBFvkmM0kLBE\"""",
    ""kind"": ""psychologicalProfiles"",
    ""name"": ""TRsp9sGnZBFvkmM0kLBE"",
    ""id"": null
  }
}",[],false
"[burnout,meaning,motivation]",2022-08-12 05:21:57.396000 UTC,"{
  ""__key__"": {
    ""namespace"": """",
    ""app"": ""e~mentalport-dev"",
    ""path"": ""\""users\"", \""zoje1EwaUjgfUVxUnwkSH2y2p6I2\"", \""psychologicalProfiles\"", \""NAEe2212iPJ5yOIMNhLg\"""",
    ""kind"": ""psychologicalProfiles"",
    ""name"": ""NAEe2212iPJ5yOIMNhLg"",
    ""id"": null
  }
}",[],false
"[burnout,depression,meaning]",2022-03-29 14:26:21.009000 UTC,"{
  ""__key__"": {
    ""namespace"": """",
    ""app"": ""e~mentalport-dev"",
    ""path"": ""\""users\"", \""CpfIdxc23aR8EPQjIlzdc6jy16u2\"", \""psychologicalProfiles\"", \""TpLI0oO8OSgVc7X9EY6v\"""",
    ""kind"": ""psychologicalProfiles"",
    ""name"": ""TpLI0oO8OSgVc7X9EY6v"",
    ""id"": null
  }
}",[],false
"[burnout,depression,meaning]",2022-04-03 22:00:00.000000 UTC,"{
  ""__key__"": {
    ""namespace"": """",
    ""app"": ""e~mentalport-dev"",
    ""path"": ""\""users\"", \""JWwoIvhhVzQBXU8kXiJea6XMvV63\"", \""psychologicalProfiles\"", \""d1Wh6grTxq83iyM5pXtl\"""",
    ""kind"": ""psychologicalProfiles"",
    ""name"": ""d1Wh6grTxq83iyM5pXtl"",
    ""id"": null
  }
}",[],false
[meaning],2022-01-07 00:26:51.246424 UTC,"{
  ""__key__"": {
    ""namespace"": """",
    ""app"": ""e~mentalport-dev"",
    ""path"": ""\""users\"", \""UfxqyyJOWYT4KBd5HJSRgcwfP8k2\"", \""psychologicalProfiles\"", \""a6zIvfhv9vyydBO7BnJn\"""",
    ""kind"": ""psychologicalProfiles"",
    ""name"": ""a6zIvfhv9vyydBO7BnJn"",
    ""id"": null
  }
}",[],false
"[meaning,stress,confidence]",2022-06-10 08:17:35.702952 UTC,"{
  ""__key__"": {
    ""namespace"": """",
    ""app"": ""e~mentalport-dev"",
    ""path"": ""\""users\"", \""7yg7efXymicQuHb0SpeN24frBl62\"", \""psychologicalProfiles\"", \""sSZsoWgVzj4lwdESqccn\"""",
    ""kind"": ""psychologicalProfiles"",
    ""name"": ""sSZsoWgVzj4lwdESqccn"",
    ""id"": null
  }
}",[],false
"[meaning,stress,depression]",2022-06-08 15:37:57.545000 UTC,"{
  ""__key__"": {
    ""namespace"": """",
    ""app"": ""e~mentalport-dev"",
    ""path"": ""\""users\"", \""EWKLL4Jej3SFiZX2LrBtBzDsvXG2\"", \""psychologicalProfiles\"", \""Zyqx4E4gdX5cQNK6sNGR\"""",
    ""kind"": ""psychologicalProfiles"",
    ""name"": ""Zyqx4E4gdX5cQNK6sNGR"",
    ""id"": null
  }
}",[],false
"[meaning,stress,depression]",2022-01-07 19:00:36.718000 UTC,"{
  ""__key__"": {
    ""namespace"": """",
    ""app"": ""e~mentalport-dev"",
    ""path"": ""\""users\"", \""u9LDD2DN6uNXR3atiXIKxxpjPYq2\"", \""psychologicalProfiles\"", \""sLIwThcdgdjTV37GcIEK\"""",
    ""kind"": ""psychologicalProfiles"",
    ""name"": ""sLIwThcdgdjTV37GcIEK"",
    ""id"": null
  }
}",[],false
"[meaning,burnout,confidence]",2022-08-12 08:19:40.933387 UTC,"{
  ""__key__"": {
    ""namespace"": """",
    ""app"": ""e~mentalport-dev"",
    ""path"": ""\""users\"", \""qnO4GQuFhChzPaD1bJOKJp9kURo2\"", \""psychologicalProfiles\"", \""eHAmIovwZIINYez7Yx2v\"""",
    ""kind"": ""psychologicalProfiles"",
    ""name"": ""eHAmIovwZIINYez7Yx2v"",
    ""id"": null
  }
}",[],false
"[meaning,burnout,depression]",2022-08-12 05:34:33.973000 UTC,"{
  ""__key__"": {
    ""namespace"": """",
    ""app"": ""e~mentalport-dev"",
    ""path"": ""\""users\"", \""zoje1EwaUjgfUVxUnwkSH2y2p6I2\"", \""psychologicalProfiles\"", \""MQLwWDoafNpIRfjOJsLr\"""",
    ""kind"": ""psychologicalProfiles"",
    ""name"": ""MQLwWDoafNpIRfjOJsLr"",
    ""id"": null
  }
}",[],false
"[meaning,confidence,stress]",2022-01-08 00:51:43.810176 UTC,"{
  ""__key__"": {
    ""namespace"": """",
    ""app"": ""e~mentalport-dev"",
    ""path"": ""\""users\"", \""cji3aHKugSaLEUtf3qqKGw6RveX2\"", \""psychologicalProfiles\"", \""azX68x6baOzS13MgH0Me\"""",
    ""kind"": ""psychologicalProfiles"",
    ""name"": ""azX68x6baOzS13MgH0Me"",
    ""id"": null
  }
}",[],false
"[meaning,confidence,discipline]",2022-06-25 18:26:16.448597 UTC,"{
  ""__key__"": {
    ""namespace"": """",
    ""app"": ""e~mentalport-dev"",
    ""path"": ""\""users\"", \""v0EsgRlmJoZZoQn81kK5tM7nNNy1\"", \""psychologicalProfiles\"", \""6wlQYlfHb6ZXGx2Hi2ZM\"""",
    ""kind"": ""psychologicalProfiles"",
    ""name"": ""6wlQYlfHb6ZXGx2Hi2ZM"",
    ""id"": null
  }
}",[],false
"[meaning,confidence,motivation]",2022-01-01 19:18:30.636000 UTC,"{
  ""__key__"": {
    ""namespace"": """",
    ""app"": ""e~mentalport-dev"",
    ""path"": ""\""users\"", \""FkpxsnbsaeX8PCN16qUGAD8TC9v1\"", \""psychologicalProfiles\"", \""AdM7mKDQk0kX6wOLUoqY\"""",
    ""kind"": ""psychologicalProfiles"",
    ""name"": ""AdM7mKDQk0kX6wOLUoqY"",
    ""id"": null
  }
}",[],false
"[meaning,confidence,motivation]",2022-01-10 19:12:08.019967 UTC,"{
  ""__key__"": {
    ""namespace"": """",
    ""app"": ""e~mentalport-dev"",
    ""path"": ""\""users\"", \""FkpxsnbsaeX8PCN16qUGAD8TC9v1\"", \""psychologicalProfiles\"", \""e7lM3p4u1i0RZohHizZr\"""",
    ""kind"": ""psychologicalProfiles"",
    ""name"": ""e7lM3p4u1i0RZohHizZr"",
    ""id"": null
  }
}",[],false
"[meaning,depression,stress]",2022-05-30 17:29:35.525000 UTC,"{
  ""__key__"": {
    ""namespace"": """",
    ""app"": ""e~mentalport-dev"",
    ""path"": ""\""users\"", \""JswAeTwpF4VUaAniunU8Af4RzcI2\"", \""psychologicalProfiles\"", \""1AWIfBK74IDUHNDeOeJg\"""",
    ""kind"": ""psychologicalProfiles"",
    ""name"": ""1AWIfBK74IDUHNDeOeJg"",
    ""id"": null
  }
}",[],false
"[meaning,depression,burnout]",2022-08-12 08:48:17.254379 UTC,"{
  ""__key__"": {
    ""namespace"": """",
    ""app"": ""e~mentalport-dev"",
    ""path"": ""\""users\"", \""eDDjveNPG2fKrvVupwL6W7fGIcz2\"", \""psychologicalProfiles\"", \""AA3Ivt0uKKcayvLbrfa5\"""",
    ""kind"": ""psychologicalProfiles"",
    ""name"": ""AA3Ivt0uKKcayvLbrfa5"",
    ""id"": null
  }
}",[],false
"[meaning,depression,confidence]",2022-06-15 13:45:05.182000 UTC,"{
  ""__key__"": {
    ""namespace"": """",
    ""app"": ""e~mentalport-dev"",
    ""path"": ""\""users\"", \""WAbC3avwbjNspP3I7eyyMAonmws1\"", \""psychologicalProfiles\"", \""EnAiM5mgHFRs9B1AzyJC\"""",
    ""kind"": ""psychologicalProfiles"",
    ""name"": ""EnAiM5mgHFRs9B1AzyJC"",
    ""id"": null
  }
}",[],false
"[meaning,depression,discipline]",2022-04-04 14:07:00.302000 UTC,"{
  ""__key__"": {
    ""namespace"": """",
    ""app"": ""e~mentalport-dev"",
    ""path"": ""\""users\"", \""ymxndAt9jaYnat7aOqqrP0nW7Dh1\"", \""psychologicalProfiles\"", \""GYLhEH8A85nT1aJhNKXs\"""",
    ""kind"": ""psychologicalProfiles"",
    ""name"": ""GYLhEH8A85nT1aJhNKXs"",
    ""id"": null
  }
}",[],false
"[meaning,depression,relationships]",2022-06-13 10:09:46.571000 UTC,"{
  ""__key__"": {
    ""namespace"": """",
    ""app"": ""e~mentalport-dev"",
    ""path"": ""\""users\"", \""pgQ6CXqyPIRFmp7zc1d5iWsnVEL2\"", \""psychologicalProfiles\"", \""Nqv6E9zzd2U2wHluUxsw\"""",
    ""kind"": ""psychologicalProfiles"",
    ""name"": ""Nqv6E9zzd2U2wHluUxsw"",
    ""id"": null
  }
}",[],false
"[meaning,discipline,confidence]",2022-08-11 11:54:15.061000 UTC,"{
  ""__key__"": {
    ""namespace"": """",
    ""app"": ""e~mentalport-dev"",
    ""path"": ""\""users\"", \""CiOJF15l1LgF5kyTry8QMwt4G2n2\"", \""psychologicalProfiles\"", \""MRGl5GK0Mc9636fmSrsE\"""",
    ""kind"": ""psychologicalProfiles"",
    ""name"": ""MRGl5GK0Mc9636fmSrsE"",
    ""id"": null
  }
}",[],false
"[meaning,discipline,confidence]",2022-01-11 19:15:52.943914 UTC,"{
  ""__key__"": {
    ""namespace"": """",
    ""app"": ""e~mentalport-dev"",
    ""path"": ""\""users\"", \""sBiEjDKG8AeMsSt6d3fzaBUNiEr1\"", \""psychologicalProfiles\"", \""6qUyzbDZuN4VwZQx4NPV\"""",
    ""kind"": ""psychologicalProfiles"",
    ""name"": ""6qUyzbDZuN4VwZQx4NPV"",
    ""id"": null
  }
}",[],false
"[meaning,discipline,motivation]",2022-05-02 13:42:20.009041 UTC,"{
  ""__key__"": {
    ""namespace"": """",
    ""app"": ""e~mentalport-dev"",
    ""path"": ""\""users\"", \""fHrkNtaGFIWyO2t5BPfa1vfU76R2\"", \""psychologicalProfiles\"", \""w0L3zSLhe5quQHukVhid\"""",
    ""kind"": ""psychologicalProfiles"",
    ""name"": ""w0L3zSLhe5quQHukVhid"",
    ""id"": null
  }
}",[],false
"[meaning,motivation,confidence]",2022-01-12 19:50:15.909893 UTC,"{
  ""__key__"": {
    ""namespace"": """",
    ""app"": ""e~mentalport-dev"",
    ""path"": ""\""users\"", \""PLVADDPa8HXhJcTz40oBkRKolUJ2\"", \""psychologicalProfiles\"", \""frkMglpCH6st1ZyN5Vtb\"""",
    ""kind"": ""psychologicalProfiles"",
    ""name"": ""frkMglpCH6st1ZyN5Vtb"",
    ""id"": null
  }
}",[],false
"[meaning,motivation,confidence]",2022-04-20 17:53:44.897000 UTC,"{
  ""__key__"": {
    ""namespace"": """",
    ""app"": ""e~mentalport-dev"",
    ""path"": ""\""users\"", \""PSl4qsv4clMY0YHqaZmQzMR4pi12\"", \""psychologicalProfiles\"", \""uJy3m9HYoZLKfpeOqiX2\"""",
    ""kind"": ""psychologicalProfiles"",
    ""name"": ""uJy3m9HYoZLKfpeOqiX2"",
    ""id"": null
  }
}",[],false
"[meaning,motivation,confidence]",2022-02-03 18:40:51.973299 UTC,"{
  ""__key__"": {
    ""namespace"": """",
    ""app"": ""e~mentalport-dev"",
    ""path"": ""\""users\"", \""T942BvfXrDOpYC7HBzdh00sWbCm2\"", \""psychologicalProfiles\"", \""xdvliB9LyShpowRyoknJ\"""",
    ""kind"": ""psychologicalProfiles"",
    ""name"": ""xdvliB9LyShpowRyoknJ"",
    ""id"": null
  }
}",[],false
"[meaning,motivation,confidence]",2022-06-30 09:48:28.493102 UTC,"{
  ""__key__"": {
    ""namespace"": """",
    ""app"": ""e~mentalport-dev"",
    ""path"": ""\""users\"", \""oLuESXHK8mb70EBDQfT0i6ypnmg2\"", \""psychologicalProfiles\"", \""aFG7b7mKOLiaD4CoWAa1\"""",
    ""kind"": ""psychologicalProfiles"",
    ""name"": ""aFG7b7mKOLiaD4CoWAa1"",
    ""id"": null
  }
}",[],false
"[meaning,motivation,discipline]",2022-02-03 18:12:38.919646 UTC,"{
  ""__key__"": {
    ""namespace"": """",
    ""app"": ""e~mentalport-dev"",
    ""path"": ""\""users\"", \""DnoUSBdz58ZFr2L13ZnuLTESXNd2\"", \""psychologicalProfiles\"", \""NkrCATNROpkGFGCLFGKe\"""",
    ""kind"": ""psychologicalProfiles"",
    ""name"": ""NkrCATNROpkGFGCLFGKe"",
    ""id"": null
  }
}",[],false
"[meaning,relationships]",2021-12-17 18:06:00.000000 UTC,"{
  ""__key__"": {
    ""namespace"": """",
    ""app"": ""e~mentalport-dev"",
    ""path"": ""\""users\"", \""FkpxsnbsaeX8PCN16qUGAD8TC9v1\"", \""psychologicalProfiles\"", \""bKronUgXmo6cnbLV8cZU\"""",
    ""kind"": ""psychologicalProfiles"",
    ""name"": ""bKronUgXmo6cnbLV8cZU"",
    ""id"": null
  }
}",[],false
"[meaning,relationships,confidence]",2022-04-14 14:51:57.164000 UTC,"{
  ""__key__"": {
    ""namespace"": """",
    ""app"": ""e~mentalport-dev"",
    ""path"": ""\""users\"", \""ArxjMIfI76SjdXSCGn5WOTstTiu1\"", \""psychologicalProfiles\"", \""GoNODca1l66iaqirFL8B\"""",
    ""kind"": ""psychologicalProfiles"",
    ""name"": ""GoNODca1l66iaqirFL8B"",
    ""id"": null
  }
}",[],false
"[confidence,burnout,meaning]",2021-12-18 12:58:05.034000 UTC,"{
  ""__key__"": {
    ""namespace"": """",
    ""app"": ""e~mentalport-dev"",
    ""path"": ""\""users\"", \""9TA2P8QIVrceHCOl7x5FXzYV3Cq1\"", \""psychologicalProfiles\"", \""Nzi9b0An9ceHsBicIHgz\"""",
    ""kind"": ""psychologicalProfiles"",
    ""name"": ""Nzi9b0An9ceHsBicIHgz"",
    ""id"": null
  }
}",[],false
"[confidence,burnout,depression]",2022-03-26 10:20:16.231000 UTC,"{
  ""__key__"": {
    ""namespace"": """",
    ""app"": ""e~mentalport-dev"",
    ""path"": ""\""users\"", \""hbnbYI5FzuMI9Efp7L9A90VCy9l2\"", \""psychologicalProfiles\"", \""cxmDHi5PjyCUMyaoPenj\"""",
    ""kind"": ""psychologicalProfiles"",
    ""name"": ""cxmDHi5PjyCUMyaoPenj"",
    ""id"": null
  }
}",[],false
"[confidence,meaning,depression]",2021-12-31 17:18:34.349000 UTC,"{
  ""__key__"": {
    ""namespace"": """",
    ""app"": ""e~mentalport-dev"",
    ""path"": ""\""users\"", \""sJqrtO0ZvBhF8W9D8m26X39msX33\"", \""psychologicalProfiles\"", \""cwRfALDftvGOUQbWwovC\"""",
    ""kind"": ""psychologicalProfiles"",
    ""name"": ""cwRfALDftvGOUQbWwovC"",
    ""id"": null
  }
}",[],false
"[confidence,meaning,motivation]",2022-06-28 18:06:49.910000 UTC,"{
  ""__key__"": {
    ""namespace"": """",
    ""app"": ""e~mentalport-dev"",
    ""path"": ""\""users\"", \""hkGa9dN2bpP5gXfBhlXgIJgdQx63\"", \""psychologicalProfiles\"", \""zmysgYQS2xxk1OySXufH\"""",
    ""kind"": ""psychologicalProfiles"",
    ""name"": ""zmysgYQS2xxk1OySXufH"",
    ""id"": null
  }
}",[],false
"[confidence,meaning,relationships]",2022-06-22 10:45:23.931000 UTC,"{
  ""__key__"": {
    ""namespace"": """",
    ""app"": ""e~mentalport-dev"",
    ""path"": ""\""users\"", \""9BpA1f8ZGTaDExmS9KZWBfi3OZE3\"", \""psychologicalProfiles\"", \""fIIywOGUr6U1MmcnXIT0\"""",
    ""kind"": ""psychologicalProfiles"",
    ""name"": ""fIIywOGUr6U1MmcnXIT0"",
    ""id"": null
  }
}",[],false
"[confidence,meaning,relationships]",2021-12-17 18:55:53.687000 UTC,"{
  ""__key__"": {
    ""namespace"": """",
    ""app"": ""e~mentalport-dev"",
    ""path"": ""\""users\"", \""FkpxsnbsaeX8PCN16qUGAD8TC9v1\"", \""psychologicalProfiles\"", \""BFdLYrckKxZKegZkP1DW\"""",
    ""kind"": ""psychologicalProfiles"",
    ""name"": ""BFdLYrckKxZKegZkP1DW"",
    ""id"": null
  }
}",[],false
"[confidence,discipline,motivation]",2022-04-22 08:11:37.000000 UTC,"{
  ""__key__"": {
    ""namespace"": """",
    ""app"": ""e~mentalport-dev"",
    ""path"": ""\""users\"", \""zxTbZavPGmZiSa9CtWKa96C1EAA2\"", \""psychologicalProfiles\"", \""0LIYjI2RgErMsuQKrSVs\"""",
    ""kind"": ""psychologicalProfiles"",
    ""name"": ""0LIYjI2RgErMsuQKrSVs"",
    ""id"": null
  }
}",[],false
"[confidence,motivation,discipline]",2022-06-05 12:37:52.216000 UTC,"{
  ""__key__"": {
    ""namespace"": """",
    ""app"": ""e~mentalport-dev"",
    ""path"": ""\""users\"", \""dPtnunEV9uXQQvWZ7oeLRRyuHfG3\"", \""psychologicalProfiles\"", \""Zny1WuM6AIY3NytqE8a8\"""",
    ""kind"": ""psychologicalProfiles"",
    ""name"": ""Zny1WuM6AIY3NytqE8a8"",
    ""id"": null
  }
}",[],false
"[depression,stress,confidence]",2022-06-10 06:32:26.495932 UTC,"{
  ""__key__"": {
    ""namespace"": """",
    ""app"": ""e~mentalport-dev"",
    ""path"": ""\""users\"", \""Zj6NvllPH3Rlja4FG8inqR3bzEJ2\"", \""psychologicalProfiles\"", \""ftAAWn6WatYySMODXSOT\"""",
    ""kind"": ""psychologicalProfiles"",
    ""name"": ""ftAAWn6WatYySMODXSOT"",
    ""id"": null
  }
}",[],false
"[depression,confidence,discipline]",2022-04-21 15:22:53.907000 UTC,"{
  ""__key__"": {
    ""namespace"": """",
    ""app"": ""e~mentalport-dev"",
    ""path"": ""\""users\"", \""FkpxsnbsaeX8PCN16qUGAD8TC9v1\"", \""psychologicalProfiles\"", \""GLTwLkilvbFZufUKcp8f\"""",
    ""kind"": ""psychologicalProfiles"",
    ""name"": ""GLTwLkilvbFZufUKcp8f"",
    ""id"": null
  }
}",[],false
"[depression,relationships,burnout]",2021-12-17 19:44:19.087000 UTC,"{
  ""__key__"": {
    ""namespace"": """",
    ""app"": ""e~mentalport-dev"",
    ""path"": ""\""users\"", \""LDwhbfuKRPhFu85xrtHbAhuMlQF3\"", \""psychologicalProfiles\"", \""fZBsaLjtfhLXpH2qjTIn\"""",
    ""kind"": ""psychologicalProfiles"",
    ""name"": ""fZBsaLjtfhLXpH2qjTIn"",
    ""id"": null
  }
}",[],false
"[discipline,stress,meaning]",2022-06-06 18:14:46.659539 UTC,"{
  ""__key__"": {
    ""namespace"": """",
    ""app"": ""e~mentalport-dev"",
    ""path"": ""\""users\"", \""STUeuf9wI4WlesemaJqItqCpB553\"", \""psychologicalProfiles\"", \""2Kjw8Ob9HRgKpNXbDb9O\"""",
    ""kind"": ""psychologicalProfiles"",
    ""name"": ""2Kjw8Ob9HRgKpNXbDb9O"",
    ""id"": null
  }
}",[],false
"[discipline,stress,meaning]",2022-01-07 18:54:10.594463 UTC,"{
  ""__key__"": {
    ""namespace"": """",
    ""app"": ""e~mentalport-dev"",
    ""path"": ""\""users\"", \""ZvVQKImffeNspegx8Jm5OkfEV8N2\"", \""psychologicalProfiles\"", \""y0Cfq4huM8yy7LcmoRHo\"""",
    ""kind"": ""psychologicalProfiles"",
    ""name"": ""y0Cfq4huM8yy7LcmoRHo"",
    ""id"": null
  }
}",[],false
"[discipline,stress,depression]",2022-06-05 17:27:20.007000 UTC,"{
  ""__key__"": {
    ""namespace"": """",
    ""app"": ""e~mentalport-dev"",
    ""path"": ""\""users\"", \""YseNx6sgMwWBjsaM1EgAQfLcgqH2\"", \""psychologicalProfiles\"", \""fgDaZqJJxc6SjedLOKzj\"""",
    ""kind"": ""psychologicalProfiles"",
    ""name"": ""fgDaZqJJxc6SjedLOKzj"",
    ""id"": null
  }
}",[],false
"[discipline,stress,relationships]",2022-06-10 15:37:45.819000 UTC,"{
  ""__key__"": {
    ""namespace"": """",
    ""app"": ""e~mentalport-dev"",
    ""path"": ""\""users\"", \""koB0NrlSyleVjcasC4KRIBT2FV02\"", \""psychologicalProfiles\"", \""yhtmkzC0GBIHaENLHE3W\"""",
    ""kind"": ""psychologicalProfiles"",
    ""name"": ""yhtmkzC0GBIHaENLHE3W"",
    ""id"": null
  }
}",[],false
"[discipline,burnout,confidence]",2022-01-15 17:13:21.523000 UTC,"{
  ""__key__"": {
    ""namespace"": """",
    ""app"": ""e~mentalport-dev"",
    ""path"": ""\""users\"", \""ldskD11lxrdxdrZ3QXuXU3x18ii1\"", \""psychologicalProfiles\"", \""B598O6JMGEDYY0QtcNkg\"""",
    ""kind"": ""psychologicalProfiles"",
    ""name"": ""B598O6JMGEDYY0QtcNkg"",
    ""id"": null
  }
}",[],false
"[discipline,meaning,confidence]",2022-09-11 12:47:51.514214 UTC,"{
  ""__key__"": {
    ""namespace"": """",
    ""app"": ""e~mentalport-dev"",
    ""path"": ""\""users\"", \""jr6v72cFxtbr9RmX9HfrWjl1DoO2\"", \""psychologicalProfiles\"", \""A1AL6PHBzpRHFa9JILSq\"""",
    ""kind"": ""psychologicalProfiles"",
    ""name"": ""A1AL6PHBzpRHFa9JILSq"",
    ""id"": null
  }
}",[],false
"[discipline,meaning,depression]",2022-04-19 20:58:08.270000 UTC,"{
  ""__key__"": {
    ""namespace"": """",
    ""app"": ""e~mentalport-dev"",
    ""path"": ""\""users\"", \""Bq43ywM9k3bFXVtHkgs7Ut4ISqE3\"", \""psychologicalProfiles\"", \""hqw6SQ4GrQnX6bvsj5st\"""",
    ""kind"": ""psychologicalProfiles"",
    ""name"": ""hqw6SQ4GrQnX6bvsj5st"",
    ""id"": null
  }
}",[],false
"[discipline,motivation,meaning]",2022-04-05 11:54:02.446000 UTC,"{
  ""__key__"": {
    ""namespace"": """",
    ""app"": ""e~mentalport-dev"",
    ""path"": ""\""users\"", \""i9XmJ2x8yogJPh9qXz7uorB8ktF3\"", \""psychologicalProfiles\"", \""aDFAsAMxq0GI9Y1g7DLp\"""",
    ""kind"": ""psychologicalProfiles"",
    ""name"": ""aDFAsAMxq0GI9Y1g7DLp"",
    ""id"": null
  }
}",[],false
"[discipline,relationships,depression]",2022-01-08 10:17:47.272000 UTC,"{
  ""__key__"": {
    ""namespace"": """",
    ""app"": ""e~mentalport-dev"",
    ""path"": ""\""users\"", \""IiB5oXUuiMZaPtG7FZQll9WpoY43\"", \""psychologicalProfiles\"", \""ctc9mFSC7XiWt5UsAv8K\"""",
    ""kind"": ""psychologicalProfiles"",
    ""name"": ""ctc9mFSC7XiWt5UsAv8K"",
    ""id"": null
  }
}",[],false
"[motivation,stress,confidence]",2022-01-07 00:44:02.704000 UTC,"{
  ""__key__"": {
    ""namespace"": """",
    ""app"": ""e~mentalport-dev"",
    ""path"": ""\""users\"", \""7vYECH9LdncFJWyXSNloSLK5Sjp1\"", \""psychologicalProfiles\"", \""UqHwMhg8kOj8T6WE3GWf\"""",
    ""kind"": ""psychologicalProfiles"",
    ""name"": ""UqHwMhg8kOj8T6WE3GWf"",
    ""id"": null
  }
}",[],false
"[motivation,stress,depression]",2021-12-12 14:00:00.000000 UTC,"{
  ""__key__"": {
    ""namespace"": """",
    ""app"": ""e~mentalport-dev"",
    ""path"": ""\""users\"", \""IfLZ1xFo8UZhgUVmOxSDtcvtsS42\"", \""psychologicalProfiles\"", \""EP9yKcBOy942UTCavbQL\"""",
    ""kind"": ""psychologicalProfiles"",
    ""name"": ""EP9yKcBOy942UTCavbQL"",
    ""id"": null
  }
}",[],false
"[motivation,stress,discipline]",2022-10-05 08:53:05.060241 UTC,"{
  ""__key__"": {
    ""namespace"": """",
    ""app"": ""e~mentalport-dev"",
    ""path"": ""\""users\"", \""Z8bUAhTvXuRVTg979HcjtFfHWpx2\"", \""psychologicalProfiles\"", \""XtafWwyZ7mmI5wclYYNc\"""",
    ""kind"": ""psychologicalProfiles"",
    ""name"": ""XtafWwyZ7mmI5wclYYNc"",
    ""id"": null
  }
}",[],false
"[motivation,relationships,stress]",2021-12-18 12:49:31.320000 UTC,"{
  ""__key__"": {
    ""namespace"": """",
    ""app"": ""e~mentalport-dev"",
    ""path"": ""\""users\"", \""hzIZ23kZWOOLucZs1el9ocAx1Nu2\"", \""psychologicalProfiles\"", \""oOCzJyTdFJoTlHaErmD2\"""",
    ""kind"": ""psychologicalProfiles"",
    ""name"": ""oOCzJyTdFJoTlHaErmD2"",
    ""id"": null
  }
}",[],false
"[motivation,relationships,burnout]",2022-06-09 18:20:22.349000 UTC,"{
  ""__key__"": {
    ""namespace"": """",
    ""app"": ""e~mentalport-dev"",
    ""path"": ""\""users\"", \""EL12BVTo4xNlCTNg839AYO4gMlA3\"", \""psychologicalProfiles\"", \""umkq0oKQs4aUw2zuw4Ea\"""",
    ""kind"": ""psychologicalProfiles"",
    ""name"": ""umkq0oKQs4aUw2zuw4Ea"",
    ""id"": null
  }
}",[],false
"[motivation,relationships,discipline]",2022-06-29 13:01:45.910024 UTC,"{
  ""__key__"": {
    ""namespace"": """",
    ""app"": ""e~mentalport-dev"",
    ""path"": ""\""users\"", \""xH0FHTDPOwWgHBQU7uuuEFJEfPx2\"", \""psychologicalProfiles\"", \""iifcPZTrYKwk0AJ887Ln\"""",
    ""kind"": ""psychologicalProfiles"",
    ""name"": ""iifcPZTrYKwk0AJ887Ln"",
    ""id"": null
  }
}",[],false
[relationships],2022-01-24 12:48:42.110000 UTC,"{
  ""__key__"": {
    ""namespace"": """",
    ""app"": ""e~mentalport-dev"",
    ""path"": ""\""users\"", \""7vYECH9LdncFJWyXSNloSLK5Sjp1\"", \""psychologicalProfiles\"", \""yHOzyemxm1SS3Ut5fQ8W\"""",
    ""kind"": ""psychologicalProfiles"",
    ""name"": ""yHOzyemxm1SS3Ut5fQ8W"",
    ""id"": null
  }
}",[],false
"[relationships,stress,depression]",2022-06-21 14:11:30.068175 UTC,"{
  ""__key__"": {
    ""namespace"": """",
    ""app"": ""e~mentalport-dev"",
    ""path"": ""\""users\"", \""PKjXONKLr7NEwg7J4nfubPVaQm82\"", \""psychologicalProfiles\"", \""68yPGEZTkDrnzG8KTVXO\"""",
    ""kind"": ""psychologicalProfiles"",
    ""name"": ""68yPGEZTkDrnzG8KTVXO"",
    ""id"": null
  }
}",[],false
"[relationships,stress,depression]",2022-01-07 15:27:17.047000 UTC,"{
  ""__key__"": {
    ""namespace"": """",
    ""app"": ""e~mentalport-dev"",
    ""path"": ""\""users\"", \""V58WzEe8uobbD2YAhqAapUEkT4y1\"", \""psychologicalProfiles\"", \""dwvevwZ4pGsXkr3yEYcE\"""",
    ""kind"": ""psychologicalProfiles"",
    ""name"": ""dwvevwZ4pGsXkr3yEYcE"",
    ""id"": null
  }
}",[],false
"[relationships,stress,depression]",2022-04-16 20:16:20.033000 UTC,"{
  ""__key__"": {
    ""namespace"": """",
    ""app"": ""e~mentalport-dev"",
    ""path"": ""\""users\"", \""WylJB1lmwFUfRR1vEUgnu9aLDFy1\"", \""psychologicalProfiles\"", \""DQfDYQgH3dGDwWPqEMwO\"""",
    ""kind"": ""psychologicalProfiles"",
    ""name"": ""DQfDYQgH3dGDwWPqEMwO"",
    ""id"": null
  }
}",[],false
"[relationships,stress,depression]",2022-04-20 17:21:19.777000 UTC,"{
  ""__key__"": {
    ""namespace"": """",
    ""app"": ""e~mentalport-dev"",
    ""path"": ""\""users\"", \""jE9MQpR7nfMgmx9sxm37j5a2b4B3\"", \""psychologicalProfiles\"", \""JWqZnlpavXjO9ykiDmif\"""",
    ""kind"": ""psychologicalProfiles"",
    ""name"": ""JWqZnlpavXjO9ykiDmif"",
    ""id"": null
  }
}",[],false
"[relationships,confidence]",2022-01-15 16:54:02.289000 UTC,"{
  ""__key__"": {
    ""namespace"": """",
    ""app"": ""e~mentalport-dev"",
    ""path"": ""\""users\"", \""c7pOs8yP5KgmNtAHq8OehJf5f8v2\"", \""psychologicalProfiles\"", \""NSTL1F7e0yo6WOipzqPZ\"""",
    ""kind"": ""psychologicalProfiles"",
    ""name"": ""NSTL1F7e0yo6WOipzqPZ"",
    ""id"": null
  }
}",[],false
"[relationships,confidence,meaning]",2022-01-18 06:43:47.573907 UTC,"{
  ""__key__"": {
    ""namespace"": """",
    ""app"": ""e~mentalport-dev"",
    ""path"": ""\""users\"", \""T942BvfXrDOpYC7HBzdh00sWbCm2\"", \""psychologicalProfiles\"", \""bLgw8ETGdE3ve4CdDvsa\"""",
    ""kind"": ""psychologicalProfiles"",
    ""name"": ""bLgw8ETGdE3ve4CdDvsa"",
    ""id"": null
  }
}",[],false
"[relationships,confidence,discipline]",2022-01-07 00:30:09.522000 UTC,"{
  ""__key__"": {
    ""namespace"": """",
    ""app"": ""e~mentalport-dev"",
    ""path"": ""\""users\"", \""lpHXt8I3bUbNZnOFUXO8Ab22coB3\"", \""psychologicalProfiles\"", \""hXn3ZYd7TZknhT8Dvqmw\"""",
    ""kind"": ""psychologicalProfiles"",
    ""name"": ""hXn3ZYd7TZknhT8Dvqmw"",
    ""id"": null
  }
}",[],false
"[relationships,depression,meaning]",2022-06-19 11:09:10.662500 UTC,"{
  ""__key__"": {
    ""namespace"": """",
    ""app"": ""e~mentalport-dev"",
    ""path"": ""\""users\"", \""dPtnunEV9uXQQvWZ7oeLRRyuHfG3\"", \""psychologicalProfiles\"", \""QWIE1bKG3dZs7kum8n40\"""",
    ""kind"": ""psychologicalProfiles"",
    ""name"": ""QWIE1bKG3dZs7kum8n40"",
    ""id"": null
  }
}",[],false